date,series,actual
2003-01-01,total,304.26259845
2003-02-01,total,282.23957465999996
2003-03-01,total,274.4734193
2003-04-01,total,256.70998509
2003-05-01,total,268.7880908
2003-06-01,total,290.44988234
2003-07-01,total,334.20869307
2003-08-01,total,341.81927853
2003-09-01,total,306.58990447
2003-10-01,total,277.38021575
2003-11-01,total,262.97670136
2003-12-01,total,293.83614216
2004-01-01,total,307.85646486
2004-02-01,total,286.43335171999996
2004-03-01,total,278.18155766
2004-04-01,total,262.85098943
2004-05-01,total,279.03582591
2004-06-01,total,307.77235888999996
2004-07-01,total,333.90704358
2004-08-01,total,330.92652841
2004-09-01,total,308.56583256
2004-10-01,total,281.73672460999995
2004-11-01,total,270.16292777
2004-12-01,total,300.0498776
2005-01-01,total,309.07880862999997
2005-02-01,total,279.51381952
2005-03-01,total,286.79111859000005
2005-04-01,total,264.16793607
2005-05-01,total,273.50025066
2005-06-01,total,319.38092267
2005-07-01,total,355.51413892
2005-08-01,total,362.54368517999995
2005-09-01,total,330.92338387
2005-10-01,total,297.62630857
2005-11-01,total,274.58546698000004
2005-12-01,total,307.34267335
2006-01-01,total,304.86597033
2006-02-01,total,281.04641585
2006-03-01,total,289.9702595
2006-04-01,total,268.20830457
2006-05-01,total,287.19813403
2006-06-01,total,321.83988968
2006-07-01,total,362.38677017
2006-08-01,total,368.63376482
2006-09-01,total,317.28210014
2006-10-01,total,291.18610567999997
2006-11-01,total,277.18196850000004
2006-12-01,total,300.11915674
2007-01-01,total,315.10376002
2007-02-01,total,301.33131465
2007-03-01,total,291.66034841
2007-04-01,total,275.34050697
2007-05-01,total,292.80025887
2007-06-01,total,323.00659103000004
2007-07-01,total,352.64231557
2007-08-01,total,373.36482393999995
2007-09-01,total,337.52456498000004
2007-10-01,total,307.78264949
2007-11-01,total,286.29930566
2007-12-01,total,307.70427238999997
2008-01-01,total,326.21457102
2008-02-01,total,305.09491897
2008-03-01,total,294.62533802
2008-04-01,total,277.96341678000005
2008-05-01,total,288.27605761
2008-06-01,total,328.59249724
2008-07-01,total,360.42656763
2008-08-01,total,351.85642843000005
2008-09-01,total,321.90621066
2008-10-01,total,291.76207433999997
2008-11-01,total,278.33040976
2008-12-01,total,308.91612865
2009-01-01,total,321.62396705
2009-02-01,total,286.25146302999997
2009-03-01,total,283.80782623
2009-04-01,total,265.46364608
2009-05-01,total,275.27597676
2009-06-01,total,305.52046993000005
2009-07-01,total,337.87807153999995
2009-08-01,total,344.84519520000003
2009-09-01,total,310.56330622
2009-10-01,total,287.11630848
2009-11-01,total,268.15785379000005
2009-12-01,total,310.29104959
2010-01-01,total,331.87876296999997
2010-02-01,total,298.45972804
2010-03-01,total,292.51135074999996
2010-04-01,total,267.05212908
2010-05-01,total,283.7292674
2010-06-01,total,330.89320089
2010-07-01,total,369.01771929
2010-08-01,total,371.76931409
2010-09-01,total,327.74233635
2010-10-01,total,287.83979568
2010-11-01,total,274.90006863
2010-12-01,total,319.04769506
2011-01-01,total,334.11565319
2011-02-01,total,296.90349799
2011-03-01,total,292.05185887
2011-04-01,total,275.20387798
2011-05-01,total,287.99274780999997
2011-06-01,total,328.70733187
2011-07-01,total,370.69191322
2011-08-01,total,372.71982806000005
2011-09-01,total,326.24722166
2011-10-01,total,288.13288819
2011-11-01,total,275.23516385
2011-12-01,total,301.84419734
2012-01-01,total,310.97538419999995
2012-02-01,total,286.98292448
2012-03-01,total,283.73120675
2012-04-01,total,270.75960242
2012-05-01,total,296.96816897
2012-06-01,total,325.15986926
2012-07-01,total,370.96270075999996
2012-08-01,total,364.78471655
2012-09-01,total,318.08970770999997
2012-10-01,total,290.73545792
2012-11-01,total,278.21192275000004
2012-12-01,total,297.28812385
2013-01-01,total,320.68292852
2013-02-01,total,291.48036403
2013-03-01,total,297.22603086
2013-04-01,total,277.78190748
2013-05-01,total,289.39843306
2013-06-01,total,320.20066137
2013-07-01,total,358.70092813
2013-08-01,total,353.57959372
2013-09-01,total,323.47785625999995
2013-10-01,total,294.37025872
2013-11-01,total,281.49432405
2013-12-01,total,316.47453483000004
2014-01-01,total,341.23827229
2014-02-01,total,308.94113303
2014-03-01,total,302.38818814
2014-04-01,total,275.89366693
2014-05-01,total,291.42086896
2014-06-01,total,322.79197998
2014-07-01,total,351.52398462
2014-08-01,total,351.88299204
2014-09-01,total,326.90712123
2014-10-01,total,296.6797844
2014-11-01,total,285.41258256000003
2014-12-01,total,309.61969283
2015-01-01,total,329.66632027
2015-02-01,total,306.76844011000003
2015-03-01,total,305.35176924
2015-04-01,total,275.47512077
2015-05-01,total,288.09069944
2015-06-01,total,326.39689785
2015-07-01,total,362.93806689999997
2015-08-01,total,362.03176805000004
2015-09-01,total,332.95787525
2015-10-01,total,296.05534616999995
2015-11-01,total,275.91652883
2015-12-01,total,297.34355648999997
2016-01-01,total,320.89016476
2016-02-01,total,296.80576317
2016-03-01,total,285.81235897
2016-04-01,total,269.5312373
2016-05-01,total,284.70764149
2016-06-01,total,329.87790515
2016-07-01,total,372.17226805999996
2016-08-01,total,381.19232814
2016-09-01,total,336.75208609
2016-10-01,total,296.68067052
2016-11-01,total,277.31698036
2016-12-01,total,310.72222579
2017-01-01,total,318.17717904999995
2017-02-01,total,275.77713545
2017-03-01,total,291.44363704
2017-04-01,total,272.80115774
2017-05-01,total,291.87053765
2017-06-01,total,328.58261458
2017-07-01,total,367.61302159999997
2017-08-01,total,360.26261916
2017-09-01,total,321.72581017
2017-10-01,total,299.53947902000004
2017-11-01,total,283.34700055
2017-12-01,total,312.21578198000003
2018-01-01,total,344.47768735
2018-02-01,total,292.73228567999996
2018-03-01,total,296.99930430999996
2018-04-01,total,278.46798771
2018-05-01,total,303.24800751000004
2018-06-01,total,338.08298543
2018-07-01,total,375.02342713
2018-08-01,total,381.13062934
2018-09-01,total,337.26254868
2018-10-01,total,309.11358697000003
2018-11-01,total,290.50709976999997
2018-12-01,total,312.13971096
2019-01-01,total,328.60925104
2019-02-01,total,295.79769323
2019-03-01,total,301.85269315
2019-04-01,total,273.89983766
2019-05-01,total,296.80173615
2019-06-01,total,321.46160492999996
2019-07-01,total,376.09482072000003
2019-08-01,total,372.57408721
2019-09-01,total,340.46280117
2019-10-01,total,308.24120549
2019-11-01,total,285.53204149
2019-12-01,total,309.8226908
2020-01-01,total,315.53278974
2020-02-01,total,294.65940487
2020-03-01,total,289.89378032
2020-04-01,total,262.40056179
2020-05-01,total,274.7070812
2020-06-01,total,320.05572389
2020-07-01,total,379.53004105
2020-08-01,total,368.88450416999996
2020-09-01,total,322.55451332
2020-10-01,total,296.87657754
2020-11-01,total,277.24920095000004
2020-12-01,total,315.33030203000004
2021-01-01,total,321.49647552
2021-02-01,total,299.69803448
2021-03-01,total,295.34500170999996
2021-04-01,total,272.7786964
2021-05-01,total,290.06060198
2021-06-01,total,338.41538015
2021-07-01,total,373.94829907
2021-08-01,total,381.03930375000004
2021-09-01,total,336.44401046999997
2021-10-01,total,302.12747063
2021-11-01,total,287.13380021
2021-12-01,total,307.3871788
2022-01-01,total,338.65604633
2022-02-01,total,305.86307052
2022-03-01,total,304.30002693
2022-04-01,total,284.93286674
2022-05-01,total,309.69695397
2022-06-01,total,347.10633234
2022-07-01,total,389.21417473
2022-08-01,total,389.6262823
2022-09-01,total,340.54384071000004
2022-10-01,total,297.19594414
2022-11-01,total,292.25774617
2022-12-01,total,327.77578446
2023-01-01,total,325.41464493
2023-02-01,total,292.94566208
2023-03-01,total,306.45394244
2023-04-01,total,280.81114791
2023-05-01,total,298.70556959000004
2023-06-01,total,328.79808364999997
2023-07-01,total,387.25610720000003
2023-08-01,total,392.43603404
2023-09-01,total,346.47644134999996
2023-10-01,total,308.06540868
2023-11-01,total,294.24848557
2023-12-01,total,312.64183476
2024-01-01,total,343.71652172
2024-02-01,total,303.25834281
2024-03-01,total,297.27827618
2024-04-01,total,286.25679709
2024-05-01,total,313.96145312000004
2024-06-01,total,355.88196752
2024-07-01,total,397.87258565999997
2024-08-01,total,394.19946181
2024-09-01,total,343.07070554
2024-10-01,total,315.9019817
2024-11-01,total,295.79604265999996
2024-12-01,total,328.18769582000004
2025-01-01,total,361.98107068
2025-02-01,total,320.56101322999996
2025-03-01,total,307.24125778
2025-04-01,total,294.84637543
2025-05-01,total,312.48873467
2025-06-01,total,357.1003815
2025-07-01,total,407.62971481
2025-08-01,total,392.63089766
2025-09-01,total,346.20216892999997
2025-10-01,total,320.58800988
2025-11-01,total,299.02180516
2025-12-01,total,337.71572686
2026-01-01,total,355.94017295
2026-02-01,total,323.03452279000004
2003-01-01,residential,124.2727877
2003-02-01,residential,110.93736996
2003-03-01,residential,99.56131168
2003-04-01,residential,83.44824421
2003-05-01,residential,87.80437208000001
2003-06-01,residential,101.28579246
2003-07-01,residential,130.67385672
2003-08-01,residential,134.46779929
2003-09-01,residential,113.84898342999999
2003-10-01,residential,89.78085958999999
2003-11-01,residential,86.65868148
2003-12-01,residential,113.0838514
2004-01-01,residential,127.12138323
2004-02-01,residential,112.46405547
2004-03-01,residential,98.94720745000001
2004-04-01,residential,85.37686512
2004-05-01,residential,90.59821162
2004-06-01,residential,112.33513296
2004-07-01,residential,129.30534717999998
2004-08-01,residential,126.42333984
2004-09-01,residential,112.33769377
2004-10-01,residential,93.46616898
2004-11-01,residential,89.64974085
2004-12-01,residential,113.95643153
2005-01-01,residential,125.28785857
2005-02-01,residential,106.6669134
2005-03-01,residential,104.06520308
2005-04-01,residential,86.7491599
2005-05-01,residential,87.38411153
2005-06-01,residential,116.62743754
2005-07-01,residential,144.47633645
2005-08-01,residential,146.90477969
2005-09-01,residential,126.51563542000001
2005-10-01,residential,102.68587866
2005-11-01,residential,91.68657128000001
2005-12-01,residential,120.17722149
2006-01-01,residential,120.41884510999999
2006-02-01,residential,104.51106304
2006-03-01,residential,104.95519201
2006-04-01,residential,89.37409543
2006-05-01,residential,93.99995079
2006-06-01,residential,118.81530771999999
2006-07-01,residential,147.33832912
2006-08-01,residential,150.06442521
2006-09-01,residential,116.07216359
2006-10-01,residential,96.24621398000001
2006-11-01,residential,94.84285118
2006-12-01,residential,114.88159882
2007-01-01,residential,125.28623581
2007-02-01,residential,121.46424918
2007-03-01,residential,105.69475969999999
2007-04-01,residential,90.28204653
2007-05-01,residential,96.38885378
2007-06-01,residential,117.41759514
2007-07-01,residential,139.02702976
2007-08-01,residential,150.10149426
2007-09-01,residential,129.51202449
2007-10-01,residential,103.75392219
2007-11-01,residential,95.90483059
2007-12-01,residential,117.40795458000001
2008-01-01,residential,133.36844195999998
2008-02-01,residential,118.55364589
2008-03-01,residential,107.16248294
2008-04-01,residential,92.16589406
2008-05-01,residential,92.24562751
2008-06-01,residential,121.37587566
2008-07-01,residential,143.17915198
2008-08-01,residential,138.4599164
2008-09-01,residential,117.07813536
2008-10-01,residential,96.1105902
2008-11-01,residential,95.76649248
2008-12-01,residential,125.19549051
2009-01-01,residential,136.22878303
2009-02-01,residential,115.21223343999999
2009-03-01,residential,106.50136115
2009-04-01,residential,91.63116242
2009-05-01,residential,94.31217694
2009-06-01,residential,114.39518493
2009-07-01,residential,137.49795889
2009-08-01,residential,138.22267825999998
2009-09-01,residential,115.16338169
2009-10-01,residential,98.55202288000001
2009-11-01,residential,93.02797812
2009-12-01,residential,124.01323123
2010-01-01,residential,147.4998756
2010-02-01,residential,122.84019897
2010-03-01,residential,111.78998549
2010-04-01,residential,88.04643494000001
2010-05-01,residential,94.84300591
2010-06-01,residential,127.49596897
2010-07-01,residential,154.68871374
2010-08-01,residential,154.05343098999998
2010-09-01,residential,124.58273197
2010-10-01,residential,96.68803347
2010-11-01,residential,93.16613873
2010-12-01,residential,130.01388415
2011-01-01,residential,145.06168779
2011-02-01,residential,120.10996908
2011-03-01,residential,104.92212296
2011-04-01,residential,93.70163929
2011-05-01,residential,97.68909798
2011-06-01,residential,125.98278519
2011-07-01,residential,154.7289198
2011-08-01,residential,153.7387326
2011-09-01,residential,122.71949868
2011-10-01,residential,94.58512049
2011-11-01,residential,93.22049602000001
2011-12-01,residential,116.34102312
2012-01-01,residential,125.88148337
2012-02-01,residential,107.97535744000001
2012-03-01,residential,99.36168572
2012-04-01,residential,88.10320952999999
2012-05-01,residential,100.89511737000001
2012-06-01,residential,122.93413138000001
2012-07-01,residential,154.57907102000001
2012-08-01,residential,147.94104266
2012-09-01,residential,118.83134204000001
2012-10-01,residential,96.66943338
2012-11-01,residential,97.15523195
2012-12-01,residential,114.18760211
2013-01-01,residential,131.78483713
2013-02-01,residential,113.11388543
2013-03-01,residential,112.09672547999999
2013-04-01,residential,95.54085075
2013-05-01,residential,95.19159812
2013-06-01,residential,117.98210632
2013-07-01,residential,143.85474883999998
2013-08-01,residential,138.06506954999998
2013-09-01,residential,121.41921581999999
2013-10-01,residential,98.89301479
2013-11-01,residential,97.90401594
2013-12-01,residential,128.96606076
2014-01-01,residential,146.51144233
2014-02-01,residential,128.47535803
2014-03-01,residential,114.23280446
2014-04-01,residential,92.28971503000001
2014-05-01,residential,95.72676781
2014-06-01,residential,118.04903675
2014-07-01,residential,137.02796944
2014-08-01,residential,135.8297966
2014-09-01,residential,120.74134746
2014-10-01,residential,98.03768189
2014-11-01,residential,99.48577105
2014-12-01,residential,120.80062015
2015-01-01,residential,137.76485879
2015-02-01,residential,123.83772058
2015-03-01,residential,117.16711068
2015-04-01,residential,90.19918738
2015-05-01,residential,95.16053288
2015-06-01,residential,120.29975350999999
2015-07-01,residential,146.03829057000002
2015-08-01,residential,144.51514459
2015-09-01,residential,125.41666628
2015-10-01,residential,99.34904737
2015-11-01,residential,92.67774922
2015-12-01,residential,111.67043688999999
2016-01-01,residential,130.97184829
2016-02-01,residential,115.959425
2016-03-01,residential,100.22657541000001
2016-04-01,residential,88.24434036
2016-05-01,residential,94.19802969999999
2016-06-01,residential,125.21123945
2016-07-01,residential,154.40932698
2016-08-01,residential,156.44152359999998
2016-09-01,residential,129.36293162
2016-10-01,residential,101.50796582
2016-11-01,residential,93.24409126
2016-12-01,residential,121.28085551
2017-01-01,residential,129.21249867
2017-02-01,residential,100.96823570000001
2017-03-01,residential,103.09552026
2017-04-01,residential,90.72450386
2017-05-01,residential,98.28115882
2017-06-01,residential,122.54316906
2017-07-01,residential,149.90048178
2017-08-01,residential,142.00716652999998
2017-09-01,residential,118.77878233
2017-10-01,residential,102.81104302
2017-11-01,residential,98.32056548999999
2017-12-01,residential,122.00461658
2018-01-01,residential,148.91738370000002
2018-02-01,residential,113.75128019
2018-03-01,residential,107.21843098999999
2018-04-01,residential,95.45361577
2018-05-01,residential,103.84799899
2018-06-01,residential,129.9128992
2018-07-01,residential,153.56605021
2018-08-01,residential,153.49649426000002
2018-09-01,residential,128.90979255
2018-10-01,residential,107.04875285
2018-11-01,residential,103.7899565
2018-12-01,residential,123.18040373999999
2019-01-01,residential,133.31755017
2019-02-01,residential,116.60800237000001
2019-03-01,residential,112.60541506
2019-04-01,residential,90.3838218
2019-05-01,residential,100.33107128
2019-06-01,residential,120.11616993
2019-07-01,residential,153.74888905999998
2019-08-01,residential,150.08305574000002
2019-09-01,residential,131.56672667
2019-10-01,residential,107.99720819999999
2019-11-01,residential,102.45292208000001
2019-12-01,residential,121.07807664
2020-01-01,residential,124.4422113
2020-02-01,residential,112.1228819
2020-03-01,residential,104.25494269
2020-04-01,residential,97.75920303999999
2020-05-01,residential,105.68094307999999
2020-06-01,residential,131.53805061
2020-07-01,residential,167.10814157000002
2020-08-01,residential,158.93914743000002
2020-09-01,residential,127.82389319
2020-10-01,residential,105.51393610000001
2020-11-01,residential,99.66093654
2020-12-01,residential,129.76075834
2021-01-01,residential,136.68235148000002
2021-02-01,residential,126.54955736999999
2021-03-01,residential,114.37398006000001
2021-04-01,residential,93.89087998
2021-05-01,residential,101.16029411000001
2021-06-01,residential,132.15348565
2021-07-01,residential,154.49457173
2021-08-01,residential,157.79177207
2021-09-01,residential,131.11130373
2021-10-01,residential,103.9922144
2021-11-01,residential,100.59096639
2021-12-01,residential,117.69550509000001
2022-01-01,residential,140.50406917
2022-02-01,residential,125.34230282
2022-03-01,residential,111.43858992
2022-04-01,residential,97.43184407000001
2022-05-01,residential,110.07073408
2022-06-01,residential,136.31028781
2022-07-01,residential,164.27657789
2022-08-01,residential,160.27146691
2022-09-01,residential,129.2413183
2022-10-01,residential,99.79219117000001
2022-11-01,residential,103.15207773
2022-12-01,residential,131.40170248
2023-01-01,residential,131.63774262
2023-02-01,residential,112.10518081000001
2023-03-01,residential,110.41692316999999
2023-04-01,residential,96.19585958
2023-05-01,residential,100.23051299000001
2023-06-01,residential,121.31961100000001
2023-07-01,residential,159.71483353
2023-08-01,residential,161.46019193
2023-09-01,residential,132.80700629
2023-10-01,residential,103.31377418
2023-11-01,residential,101.90658739
2023-12-01,residential,118.91696042000001
2024-01-01,residential,142.35352686000002
2024-02-01,residential,115.47719178999999
2024-03-01,residential,102.20304497000001
2024-04-01,residential,94.67402447
2024-05-01,residential,107.60471543
2024-06-01,residential,138.92046023999998
2024-07-01,residential,164.83324943
2024-08-01,residential,159.09842282
2024-09-01,residential,127.34005411
2024-10-01,residential,106.08327951
2024-11-01,residential,98.78189253
2024-12-01,residential,125.50372372
2025-01-01,residential,152.32858847
2025-02-01,residential,127.51728971
2025-03-01,residential,108.96872276
2025-04-01,residential,97.30629017
2025-05-01,residential,104.85586683
2025-06-01,residential,135.82211661
2025-07-01,residential,168.01064976
2025-08-01,residential,155.20386061
2025-09-01,residential,126.77750872
2025-10-01,residential,107.31318515999999
2025-11-01,residential,101.22240743
2025-12-01,residential,129.66674412
2026-01-01,residential,145.11501144
2026-02-01,residential,128.05468195
2003-01-01,commercial,98.55746847
2003-02-01,commercial,91.23891884
2003-03-01,commercial,92.57967309
2003-04-01,commercial,89.68469151999999
2003-05-01,commercial,95.81883157
2003-06-01,commercial,102.40724564
2003-07-01,commercial,115.23291689999999
2003-08-01,commercial,116.22446136
2003-09-01,commercial,106.47270316000001
2003-10-01,commercial,100.03626335
2003-11-01,commercial,92.60474302
2003-12-01,commercial,97.86968408999999
2004-01-01,commercial,99.28110271000001
2004-02-01,commercial,93.67746255
2004-03-01,commercial,95.33087993
2004-04-01,commercial,93.53182545
2004-05-01,commercial,100.87928578
2004-06-01,commercial,108.12225804
2004-07-01,commercial,115.49542265
2004-08-01,commercial,114.45249394
2004-09-01,commercial,109.59529408
2004-10-01,commercial,102.32583477
2004-11-01,commercial,95.75266477000001
2004-12-01,commercial,101.98020633
2005-01-01,commercial,100.86215018
2005-02-01,commercial,93.25663985999999
2005-03-01,commercial,98.92367621000001
2005-04-01,commercial,94.43949428
2005-05-01,commercial,99.70162450999999
2005-06-01,commercial,114.10072921999999
2005-07-01,commercial,122.03703200999999
2005-08-01,commercial,124.43615518
2005-09-01,commercial,116.516874
2005-10-01,commercial,108.47438377
2005-11-01,commercial,98.79924860999999
2005-12-01,commercial,103.53101217
2006-01-01,commercial,101.93334533
2006-02-01,commercial,95.71318742
2006-03-01,commercial,101.11544679000001
2006-04-01,commercial,96.55116055
2006-05-01,commercial,106.44198201
2006-06-01,commercial,115.78542304
2006-07-01,commercial,125.54118393
2006-08-01,commercial,127.65472298
2006-09-01,commercial,114.23057436
2006-10-01,commercial,109.00001878
2006-11-01,commercial,101.10366443999999
2006-12-01,commercial,104.67298538
2007-01-01,commercial,106.66743962000001
2007-02-01,commercial,100.75642866000001
2007-03-01,commercial,102.64014808
2007-04-01,commercial,101.05120536999999
2007-05-01,commercial,108.55889122
2007-06-01,commercial,117.35190897000001
2007-07-01,commercial,123.92308607999999
2007-08-01,commercial,130.47468013
2007-09-01,commercial,119.89838511
2007-10-01,commercial,114.48120828
2007-11-01,commercial,104.60326135
2007-12-01,commercial,105.90855314000001
2008-01-01,commercial,109.06127814999999
2008-02-01,commercial,104.39686107
2008-03-01,commercial,103.33463273
2008-04-01,commercial,101.48744971
2008-05-01,commercial,107.47348707
2008-06-01,commercial,119.37296065
2008-07-01,commercial,128.07203466
2008-08-01,commercial,124.19564960000001
2008-09-01,commercial,118.28884717
2008-10-01,commercial,110.84971329
2008-11-01,commercial,102.41468843
2008-12-01,commercial,107.18588253
2009-01-01,commercial,109.64316445
2009-02-01,commercial,99.01067533
2009-03-01,commercial,102.45809406000001
2009-04-01,commercial,99.80415979
2009-05-01,commercial,105.21181067
2009-06-01,commercial,114.83207907
2009-07-01,commercial,121.32302953
2009-08-01,commercial,123.77673329000001
2009-09-01,commercial,114.90022900999999
2009-10-01,commercial,108.51364705
2009-11-01,commercial,98.90126047999999
2009-12-01,commercial,108.47764119
2010-01-01,commercial,108.12050556999999
2010-02-01,commercial,100.74697804
2010-03-01,commercial,101.75135585999999
2010-04-01,commercial,99.79036122000001
2010-05-01,commercial,106.1721027
2010-06-01,commercial,119.38499993
2010-07-01,commercial,127.92396458
2010-08-01,commercial,129.1663266
2010-09-01,commercial,119.13672305
2010-10-01,commercial,108.46080315
2010-11-01,commercial,101.51893623000001
2010-12-01,commercial,108.02630701999999
2011-01-01,commercial,108.25063314
2011-02-01,commercial,99.79553835
2011-03-01,commercial,104.25705814
2011-04-01,commercial,100.50621559000001
2011-05-01,commercial,107.62453459
2011-06-01,commercial,118.17017391
2011-07-01,commercial,128.06543317
2011-08-01,commercial,129.36847817
2011-09-01,commercial,117.95131165000001
2011-10-01,commercial,108.64956376
2011-11-01,commercial,100.55241991
2011-12-01,commercial,104.86607866
2012-01-01,commercial,105.23931021
2012-02-01,commercial,100.08012366
2012-03-01,commercial,102.47442294999999
2012-04-01,commercial,101.03670763000001
2012-05-01,commercial,110.80044713
2012-06-01,commercial,118.00939147
2012-07-01,commercial,128.53530752
2012-08-01,commercial,128.1064177
2012-09-01,commercial,116.58497051
2012-10-01,commercial,110.47100997
2012-11-01,commercial,101.64073825999999
2012-12-01,commercial,104.12234865
2013-01-01,commercial,107.72874656
2013-02-01,commercial,101.0156343
2013-03-01,commercial,104.01135848
2013-04-01,commercial,101.3949418
2013-05-01,commercial,108.68260602000001
2013-06-01,commercial,117.41041288000001
2013-07-01,commercial,127.31057593000001
2013-08-01,commercial,127.06327433
2013-09-01,commercial,118.40772152999999
2013-10-01,commercial,111.90662153999999
2013-11-01,commercial,103.38447877
2013-12-01,commercial,108.76240498000001
2014-01-01,commercial,113.86592485999999
2014-02-01,commercial,104.35264247
2014-03-01,commercial,106.96788672
2014-04-01,commercial,102.45894982
2014-05-01,commercial,109.66554886
2014-06-01,commercial,118.4225304
2014-07-01,commercial,125.43414702
2014-08-01,commercial,125.60300367
2014-09-01,commercial,120.04881267
2014-10-01,commercial,113.02310288999999
2014-11-01,commercial,104.24546931
2014-12-01,commercial,108.07024439999999
2015-01-01,commercial,111.61965742000001
2015-02-01,commercial,105.48247635
2015-03-01,commercial,107.79608358
2015-04-01,commercial,104.16779782
2015-05-01,commercial,109.40565371
2015-06-01,commercial,119.27012121
2015-07-01,commercial,128.50425328999998
2015-08-01,commercial,128.51892243999998
2015-09-01,commercial,122.19540637
2015-10-01,commercial,112.82148753
2015-11-01,commercial,104.14023952000001
2015-12-01,commercial,106.82942741000001
2016-01-01,commercial,110.4104764
2016-02-01,commercial,103.45168958000001
2016-03-01,commercial,105.73917841
2016-04-01,commercial,102.04512866
2016-05-01,commercial,108.43689218
2016-06-01,commercial,120.36327304
2016-07-01,commercial,130.03831813
2016-08-01,commercial,135.01884084
2016-09-01,commercial,123.49282377
2016-10-01,commercial,112.96281663
2016-11-01,commercial,105.05986750999999
2016-12-01,commercial,110.17208074
2017-01-01,commercial,109.48838655
2017-02-01,commercial,99.63993551
2017-03-01,commercial,107.17286431999999
2017-04-01,commercial,102.58904962999999
2017-05-01,commercial,109.8720998
2017-06-01,commercial,120.0131553
2017-07-01,commercial,129.27662303
2017-08-01,commercial,128.48100787
2017-09-01,commercial,118.78875907
2017-10-01,commercial,113.2871917
2017-11-01,commercial,104.97310002
2017-12-01,commercial,109.30552109999999
2018-01-01,commercial,114.92525918
2018-02-01,commercial,102.68544876
2018-03-01,commercial,108.10834274
2018-04-01,commercial,103.33147962
2018-05-01,commercial,113.17548258
2018-06-01,commercial,122.0111754
2018-07-01,commercial,131.52157201999998
2018-08-01,commercial,134.84807012
2018-09-01,commercial,122.03347842
2018-10-01,commercial,116.13334132000001
2018-11-01,commercial,104.9831121
2018-12-01,commercial,107.99808271
2019-01-01,commercial,112.01238825
2019-02-01,commercial,102.07087863000001
2019-03-01,commercial,107.46819984
2019-04-01,commercial,102.4459396
2019-05-01,commercial,111.20095269999999
2019-06-01,commercial,115.74502702
2019-07-01,commercial,130.95145258
2019-08-01,commercial,130.7761738
2019-09-01,commercial,122.0591507
2019-10-01,commercial,115.30490269
2019-11-01,commercial,102.84001355000001
2019-12-01,commercial,108.00147569
2020-01-01,commercial,109.81219558
2020-02-01,commercial,103.01476876000001
2020-03-01,commercial,104.10984325999999
2020-04-01,commercial,91.40577238
2020-05-01,commercial,94.2991629
2020-06-01,commercial,109.59271987
2020-07-01,commercial,127.10748118000001
2020-08-01,commercial,123.05688421
2020-09-01,commercial,113.21974254000001
2020-10-01,commercial,108.46818854
2020-11-01,commercial,97.89662003999999
2020-12-01,commercial,105.45620387
2021-01-01,commercial,104.49764717
2021-02-01,commercial,98.35567733
2021-03-01,commercial,102.87723442
2021-04-01,commercial,98.72137911
2021-05-01,commercial,104.7112089
2021-06-01,commercial,119.05269114
2021-07-01,commercial,127.85573402
2021-08-01,commercial,131.11112131
2021-09-01,commercial,118.98868356999999
2021-10-01,commercial,112.24647542
2021-11-01,commercial,103.50607833000001
2021-12-01,commercial,106.51556744
2022-01-01,commercial,113.60509055
2022-02-01,commercial,103.06262117
2022-03-01,commercial,108.60313762
2022-04-01,commercial,104.56587141000001
2022-05-01,commercial,113.00720865
2022-06-01,commercial,121.5671717
2022-07-01,commercial,133.95171136
2022-08-01,commercial,135.67595261
2022-09-01,commercial,124.19527519
2022-10-01,commercial,111.85135754
2022-11-01,commercial,106.85796303
2022-12-01,commercial,113.92945205000001
2023-01-01,commercial,112.78971678
2023-02-01,commercial,103.83028424
2023-03-01,commercial,112.64296368
2023-04-01,commercial,104.09076444
2023-05-01,commercial,113.24271738
2023-06-01,commercial,120.70658417
2023-07-01,commercial,136.39420263000002
2023-08-01,commercial,138.38957188
2023-09-01,commercial,126.54578749000001
2023-10-01,commercial,118.20785264
2023-11-01,commercial,109.7564832
2023-12-01,commercial,111.51182661
2024-01-01,commercial,118.23400579
2024-02-01,commercial,108.96666608
2024-03-01,commercial,111.38231368999999
2024-04-01,commercial,108.97249159
2024-05-01,commercial,117.86368825000001
2024-06-01,commercial,127.94905253
2024-07-01,commercial,139.55100435999998
2024-08-01,commercial,140.63226455
2024-09-01,commercial,127.24828887000001
2024-10-01,commercial,120.89870457
2024-11-01,commercial,112.09079487
2024-12-01,commercial,117.15194094
2025-01-01,commercial,124.44735304
2025-02-01,commercial,113.20445431
2025-03-01,commercial,114.42690423
2025-04-01,commercial,112.43561527
2025-05-01,commercial,119.94259622000001
2025-06-01,commercial,130.58900785
2025-07-01,commercial,144.36314666
2025-08-01,commercial,142.26268351000002
2025-09-01,commercial,129.79109404
2025-10-01,commercial,124.6800319
2025-11-01,commercial,114.82161454
2025-12-01,commercial,122.52159204
2026-01-01,commercial,126.11966184
2026-02-01,commercial,115.69149597
2003-01-01,industrial,80.82812943
2003-02-01,industrial,79.51656962999999
2003-03-01,industrial,81.75833458
2003-04-01,industrial,83.05762224
2003-05-01,industrial,84.61916494
2003-06-01,industrial,86.20983272999999
2003-07-01,industrial,87.73230375
2003-08-01,industrial,90.53624056000001
2003-09-01,industrial,85.68198833999999
2003-10-01,industrial,86.98171286
2003-11-01,industrial,83.16382929
2003-12-01,industrial,82.28751865
2004-01-01,industrial,80.82303868
2004-02-01,industrial,79.66752545
2004-03-01,industrial,83.32752685999999
2004-04-01,industrial,83.36926145000001
2004-05-01,industrial,86.98835387999999
2004-06-01,industrial,86.7322516
2004-07-01,industrial,88.47944389999999
2004-08-01,industrial,89.44028164
2004-09-01,industrial,86.01895583000001
2004-10-01,industrial,85.34579182
2004-11-01,industrial,84.19055194
2004-12-01,industrial,83.46654896
2005-01-01,industrial,82.24165015
2005-02-01,industrial,78.93503840000001
2005-03-01,industrial,83.18468973
2005-04-01,industrial,82.38930273
2005-05-01,industrial,85.85213193
2005-06-01,industrial,88.03296775
2005-07-01,industrial,88.38572227
2005-08-01,industrial,90.53592761
2005-09-01,industrial,87.25604557
2005-10-01,industrial,85.85605478000001
2005-11-01,industrial,83.51220260999999
2005-12-01,industrial,82.97433146
2006-01-01,industrial,81.86464879
2006-02-01,industrial,80.20718278
2006-03-01,industrial,83.26400534
2006-04-01,industrial,81.69637621
2006-05-01,industrial,86.17893081999999
2006-06-01,industrial,86.62984604
2006-07-01,industrial,88.87995233
2006-08-01,industrial,90.28479347999999
2006-09-01,industrial,86.36406714
2006-10-01,industrial,85.33748571
2006-11-01,industrial,80.65308159
2006-12-01,industrial,79.93719578
2007-01-01,industrial,82.38448858999999
2007-02-01,industrial,78.39179387
2007-03-01,industrial,82.58247096999999
2007-04-01,industrial,83.36138391
2007-05-01,industrial,87.24106727
2007-06-01,industrial,87.57206503
2007-07-01,industrial,89.01733579
2007-08-01,industrial,92.11523385000001
2007-09-01,industrial,87.42761386
2007-10-01,industrial,88.8958681
2007-11-01,industrial,85.11805351
2007-12-01,industrial,83.72455026
2008-01-01,industrial,83.09075123
2008-02-01,industrial,81.48431278999999
2008-03-01,industrial,83.49798014
2008-04-01,industrial,83.69560892
2008-05-01,industrial,87.96307225
2008-06-01,industrial,87.2237717
2008-07-01,industrial,88.52680869999999
2008-08-01,industrial,88.55191025
2008-09-01,industrial,85.91035520999999
2008-10-01,industrial,84.16427206
2008-11-01,industrial,79.53865519
2008-12-01,industrial,75.86867965
2009-01-01,industrial,74.98303633
2009-02-01,industrial,71.35800943000001
2009-03-01,industrial,74.17116102
2009-04-01,industrial,73.41509341
2009-05-01,industrial,75.15083707
2009-06-01,industrial,75.68059192999999
2009-07-01,industrial,78.39088288
2009-08-01,industrial,82.19924950999999
2009-09-01,industrial,79.86339097
2009-10-01,industrial,79.45079424000001
2009-11-01,industrial,75.63871671
2009-12-01,industrial,77.11470448
2010-01-01,industrial,75.54890308
2010-02-01,industrial,74.19072741000001
2010-03-01,industrial,78.31908908999999
2010-04-01,industrial,78.62038761999999
2010-05-01,industrial,82.11397190000001
2010-06-01,industrial,83.3597068
2010-07-01,industrial,85.74380968999999
2010-08-01,industrial,87.92706843
2010-09-01,industrial,83.38971461
2010-10-01,industrial,82.08065341
2010-11-01,industrial,79.6138808
2010-12-01,industrial,80.31327654
2011-01-01,industrial,80.09287514
2011-02-01,industrial,76.36123171999999
2011-03-01,industrial,82.20908469
2011-04-01,industrial,80.3672619
2011-05-01,industrial,82.06054846
2011-06-01,industrial,83.91156382
2011-07-01,industrial,87.24710363
2011-08-01,industrial,88.98735194
2011-09-01,industrial,84.94279578
2011-10-01,industrial,84.28172740000001
2011-11-01,industrial,80.8724358
2011-12-01,industrial,79.98158371000001
2012-01-01,industrial,79.20465598
2012-02-01,industrial,78.29827379000001
2012-03-01,industrial,81.29824301000001
2012-04-01,industrial,81.02967493999999
2012-05-01,industrial,84.67764946
2012-06-01,industrial,83.6190094
2012-07-01,industrial,87.21918043
2012-08-01,industrial,88.10463253
2012-09-01,industrial,82.05990033
2012-10-01,industrial,82.99568967
2012-11-01,industrial,78.84734019
2012-12-01,industrial,78.35960426
2013-01-01,industrial,80.50547227
2013-02-01,industrial,76.69204883
2013-03-01,industrial,80.47438927
2013-04-01,industrial,80.21647132
2013-05-01,industrial,84.8969274
2013-06-01,industrial,84.16985683
2013-07-01,industrial,86.88690808999999
2013-08-01,industrial,87.80636831000001
2013-09-01,industrial,83.02499127
2013-10-01,industrial,82.97976639000001
2013-11-01,industrial,79.63157395
2013-12-01,industrial,78.06710006
2014-01-01,industrial,80.14884693
2014-02-01,industrial,75.41326442
2014-03-01,industrial,80.5390692
2014-04-01,industrial,80.50532654999999
2014-05-01,industrial,85.38298728
2014-06-01,industrial,85.71109600000001
2014-07-01,industrial,88.41710031
2014-08-01,industrial,89.80840816000001
2014-09-01,industrial,85.48915774
2014-10-01,industrial,84.99416687
2014-11-01,industrial,81.04419637000001
2014-12-01,industrial,80.12251809
2015-01-01,industrial,79.60899964
2015-02-01,industrial,76.74876531
2015-03-01,industrial,79.709106
2015-04-01,industrial,80.48863267
2015-05-01,industrial,82.91573893
2015-06-01,industrial,86.21770376
2015-07-01,industrial,87.74734656000001
2015-08-01,industrial,88.37307421000001
2015-09-01,industrial,84.7304842
2015-10-01,industrial,83.24883116
2015-11-01,industrial,78.49466844
2015-12-01,industrial,78.22438108
2016-01-01,industrial,78.84786312
2016-02-01,industrial,76.74845904
2016-03-01,industrial,79.23736127
2016-04-01,industrial,78.64672682
2016-05-01,industrial,81.49145601
2016-06-01,industrial,83.67203383
2016-07-01,industrial,87.0763985
2016-08-01,industrial,89.10053838
2016-09-01,industrial,83.25930744
2016-10-01,industrial,81.59727214
2016-11-01,industrial,78.42143195
2016-12-01,industrial,78.61633246000001
2017-01-01,industrial,78.80911338
2017-02-01,industrial,74.53379401
2017-03-01,industrial,80.53022476
2017-04-01,industrial,78.89855775000001
2017-05-01,industrial,83.13447026
2017-06-01,industrial,85.39853828999999
2017-07-01,industrial,87.80613189
2017-08-01,industrial,89.13444287
2017-09-01,industrial,83.54014022
2017-10-01,industrial,82.81513063
2017-11-01,industrial,79.45559181
2017-12-01,industrial,80.24180912
2018-01-01,industrial,79.88979117
2018-02-01,industrial,75.66118887
2018-03-01,industrial,81.05292676
2018-04-01,industrial,79.08341885
2018-05-01,industrial,85.63764703999999
2018-06-01,industrial,85.53624101
2018-07-01,industrial,89.30135668
2018-08-01,industrial,92.10575136
2018-09-01,industrial,85.67899407
2018-10-01,industrial,85.30074348000001
2018-11-01,industrial,81.1183574
2018-12-01,industrial,80.30613626
2019-01-01,industrial,82.60975692
2019-02-01,industrial,76.44726277
2019-03-01,industrial,81.092831
2019-04-01,industrial,80.45975842
2019-05-01,industrial,84.66129301
2019-06-01,industrial,84.99199460000001
2019-07-01,industrial,90.75218668
2019-08-01,industrial,91.06184214999999
2019-09-01,industrial,86.16037695
2019-10-01,industrial,84.39613735
2019-11-01,industrial,79.62466409000001
2019-12-01,industrial,80.0947451
2020-01-01,industrial,80.60851253999999
2020-02-01,industrial,78.90273171
2020-03-01,industrial,80.93061592
2020-04-01,industrial,72.79110205
2020-05-01,industrial,74.27301032
2020-06-01,industrial,78.44467875000001
2020-07-01,industrial,84.75837953999999
2020-08-01,industrial,86.36613013
2020-09-01,industrial,80.97688954
2020-10-01,industrial,82.37138048999999
2020-11-01,industrial,79.16679619
2020-12-01,industrial,79.49180082999999
2021-01-01,industrial,79.74953023
2021-02-01,industrial,74.24526189
2021-03-01,industrial,77.55152192
2021-04-01,industrial,79.66085903999999
2021-05-01,industrial,83.70251056
2021-06-01,industrial,86.70160938
2021-07-01,industrial,91.05225211
2021-08-01,industrial,91.57636666
2021-09-01,industrial,85.81713957
2021-10-01,industrial,85.35596905
2021-11-01,industrial,82.54523505
2021-12-01,industrial,82.65523457
2022-01-01,industrial,83.98200591000001
2022-02-01,industrial,76.89252873000001
2022-03-01,industrial,83.67908978
2022-04-01,industrial,82.42210664
2022-05-01,industrial,86.08969405
2022-06-01,industrial,88.71571321
2022-07-01,industrial,90.41984289
2022-08-01,industrial,93.14314117
2022-09-01,industrial,86.54952268
2022-10-01,industrial,85.017015
2022-11-01,industrial,81.70139939
2022-12-01,industrial,81.85192666
2023-01-01,industrial,80.40796007
2023-02-01,industrial,76.44923685
2023-03-01,industrial,82.81707913
2023-04-01,industrial,80.01106252999999
2023-05-01,industrial,84.70357574
2023-06-01,industrial,86.19314599
2023-07-01,industrial,90.52645351000001
2023-08-01,industrial,92.00870522000001
2023-09-01,industrial,86.47208044
2023-10-01,industrial,85.97838096
2023-11-01,industrial,82.0362777
2023-12-01,industrial,81.65167602
2024-01-01,industrial,82.51733102
2024-02-01,industrial,78.27667916
2024-03-01,industrial,83.1000825
2024-04-01,industrial,82.07805685
2024-05-01,industrial,87.90110025
2024-06-01,industrial,88.44598477
2024-07-01,industrial,92.84760751
2024-08-01,industrial,93.84751156
2024-09-01,industrial,87.91971262999999
2024-10-01,industrial,88.35389142
2024-11-01,industrial,84.36899389
2024-12-01,industrial,84.92723808
2025-01-01,industrial,84.51920513
2025-02-01,industrial,79.22886546
2025-03-01,industrial,83.21047831
2025-04-01,industrial,84.53589711000001
2025-05-01,industrial,87.13443661999999
2025-06-01,industrial,90.0223073
2025-07-01,industrial,94.65130475
2025-08-01,industrial,94.53972875
2025-09-01,industrial,89.0411248
2025-10-01,industrial,88.00445672000001
2025-11-01,industrial,82.42232752999999
2025-12-01,industrial,84.9067827
2026-01-01,industrial,84.04272160000001
2026-02-01,industrial,78.653492
2003-01-01,transportation,0.60421285
2003-02-01,transportation,0.54671623
2003-03-01,transportation,0.57409995
2003-04-01,transportation,0.5194271199999999
2003-05-01,transportation,0.5457222
2003-06-01,transportation,0.54701152
2003-07-01,transportation,0.5696157
2003-08-01,transportation,0.59077732
2003-09-01,transportation,0.58622955
2003-10-01,transportation,0.58137995
2003-11-01,transportation,0.54944757
2003-12-01,transportation,0.59508803
2004-01-01,transportation,0.63094024
2004-02-01,transportation,0.62430825
2004-03-01,transportation,0.57594342
2004-04-01,transportation,0.57303741
2004-05-01,transportation,0.56997463
2004-06-01,transportation,0.5827162899999999
2004-07-01,transportation,0.6268298499999999
2004-08-01,transportation,0.61041299
2004-09-01,transportation,0.61388888
2004-10-01,transportation,0.59892905
2004-11-01,transportation,0.5699702200000001
2004-12-01,transportation,0.64669078
2005-01-01,transportation,0.68714973
2005-02-01,transportation,0.65522785
2005-03-01,transportation,0.61754956
2005-04-01,transportation,0.5899791400000001
2005-05-01,transportation,0.5623826900000001
2005-06-01,transportation,0.6197881599999999
2005-07-01,transportation,0.61504819
2005-08-01,transportation,0.6668227000000001
2005-09-01,transportation,0.63482889
2005-10-01,transportation,0.60999136
2005-11-01,transportation,0.58744449
2005-12-01,transportation,0.6601082300000001
2006-01-01,transportation,0.6491311
2006-02-01,transportation,0.61498261
2006-03-01,transportation,0.63561536
2006-04-01,transportation,0.58667238
2006-05-01,transportation,0.57727041
2006-06-01,transportation,0.60931288
2006-07-01,transportation,0.6273047900000001
2006-08-01,transportation,0.6298231500000001
2006-09-01,transportation,0.61529504
2006-10-01,transportation,0.60238721
2006-11-01,transportation,0.5823713
2006-12-01,transportation,0.6273767699999999
2007-01-01,transportation,0.765596
2007-02-01,transportation,0.71884294
2007-03-01,transportation,0.74296966
2007-04-01,transportation,0.64587116
2007-05-01,transportation,0.61144662
2007-06-01,transportation,0.6650218999999999
2007-07-01,transportation,0.6748639399999999
2007-08-01,transportation,0.6734157000000001
2007-09-01,transportation,0.68654152
2007-10-01,transportation,0.65165092
2007-11-01,transportation,0.67316022
2007-12-01,transportation,0.66321441
2008-01-01,transportation,0.69409968
2008-02-01,transportation,0.66009922
2008-03-01,transportation,0.63024222
2008-04-01,transportation,0.61446408
2008-05-01,transportation,0.5938707799999999
2008-06-01,transportation,0.61988923
2008-07-01,transportation,0.6485722899999999
2008-08-01,transportation,0.64895218
2008-09-01,transportation,0.6288729200000001
2008-10-01,transportation,0.63749879
2008-11-01,transportation,0.6105736500000001
2008-12-01,transportation,0.66607597
2009-01-01,transportation,0.76898325
2009-02-01,transportation,0.6705448300000001
2009-03-01,transportation,0.6772100000000001
2009-04-01,transportation,0.61323046
2009-05-01,transportation,0.6011520699999999
2009-06-01,transportation,0.612614
2009-07-01,transportation,0.6662002300000001
2009-08-01,transportation,0.64653414
2009-09-01,transportation,0.63630455
2009-10-01,transportation,0.59984432
2009-11-01,transportation,0.58989847
2009-12-01,transportation,0.68547269
2010-01-01,transportation,0.70947872
2010-02-01,transportation,0.68182363
2010-03-01,transportation,0.65092031
2010-04-01,transportation,0.59494531
2010-05-01,transportation,0.6001869000000001
2010-06-01,transportation,0.6525251799999999
2010-07-01,transportation,0.6612312899999999
2010-08-01,transportation,0.62248808
2010-09-01,transportation,0.6331667200000001
2010-10-01,transportation,0.61030565
2010-11-01,transportation,0.60111287
2010-12-01,transportation,0.69422735
2011-01-01,transportation,0.71045712
2011-02-01,transportation,0.6367588399999999
2011-03-01,transportation,0.66359308
2011-04-01,transportation,0.6287612
2011-05-01,transportation,0.61856678
2011-06-01,transportation,0.64280896
2011-07-01,transportation,0.65045662
2011-08-01,transportation,0.62526534
2011-09-01,transportation,0.63361555
2011-10-01,transportation,0.61647655
2011-11-01,transportation,0.58981212
2011-12-01,transportation,0.65551185
2012-01-01,transportation,0.6499346500000001
2012-02-01,transportation,0.62916958
2012-03-01,transportation,0.5968550699999999
2012-04-01,transportation,0.5900103299999999
2012-05-01,transportation,0.5949550100000001
2012-06-01,transportation,0.59733701
2012-07-01,transportation,0.62914179
2012-08-01,transportation,0.63262365
2012-09-01,transportation,0.61349482
2012-10-01,transportation,0.5993248999999999
2012-11-01,transportation,0.5686123599999999
2012-12-01,transportation,0.6185688300000001
2013-01-01,transportation,0.66387257
2013-02-01,transportation,0.65879547
2013-03-01,transportation,0.64355762
2013-04-01,transportation,0.62964361
2013-05-01,transportation,0.62730152
2013-06-01,transportation,0.63828534
2013-07-01,transportation,0.64869528
2013-08-01,transportation,0.64488154
2013-09-01,transportation,0.62592764
2013-10-01,transportation,0.590856
2013-11-01,transportation,0.5742554
2013-12-01,transportation,0.67896903
2014-01-01,transportation,0.71205817
2014-02-01,transportation,0.69986812
2014-03-01,transportation,0.64842777
2014-04-01,transportation,0.63967552
2014-05-01,transportation,0.64556501
2014-06-01,transportation,0.60931684
2014-07-01,transportation,0.6447678499999999
2014-08-01,transportation,0.64178362
2014-09-01,transportation,0.62780336
2014-10-01,transportation,0.62483276
2014-11-01,transportation,0.63714582
2014-12-01,transportation,0.62631019
2015-01-01,transportation,0.6728044200000001
2015-02-01,transportation,0.6994778700000001
2015-03-01,transportation,0.67946898
2015-04-01,transportation,0.61950291
2015-05-01,transportation,0.60877392
2015-06-01,transportation,0.60931936
2015-07-01,transportation,0.6481764799999999
2015-08-01,transportation,0.6246268
2015-09-01,transportation,0.6153184
2015-10-01,transportation,0.63598012
2015-11-01,transportation,0.6038716500000001
2015-12-01,transportation,0.6193111
2016-01-01,transportation,0.65997696
2016-02-01,transportation,0.64618955
2016-03-01,transportation,0.60924388
2016-04-01,transportation,0.5950414500000001
2016-05-01,transportation,0.5812636099999999
2016-06-01,transportation,0.63135884
2016-07-01,transportation,0.64822444
2016-08-01,transportation,0.6314253200000001
2016-09-01,transportation,0.6370232600000001
2016-10-01,transportation,0.61261593
2016-11-01,transportation,0.59158965
2016-12-01,transportation,0.65295709
2017-01-01,transportation,0.6671804499999999
2017-02-01,transportation,0.63517024
2017-03-01,transportation,0.6450277099999999
2017-04-01,transportation,0.5890465
2017-05-01,transportation,0.58280876
2017-06-01,transportation,0.6277519300000001
2017-07-01,transportation,0.6297849
2017-08-01,transportation,0.64000189
2017-09-01,transportation,0.6181285599999999
2017-10-01,transportation,0.62611367
2017-11-01,transportation,0.5977432300000001
2017-12-01,transportation,0.6638351800000001
2018-01-01,transportation,0.7452533
2018-02-01,transportation,0.6343678700000001
2018-03-01,transportation,0.61960382
2018-04-01,transportation,0.59947348
2018-05-01,transportation,0.5868789000000001
2018-06-01,transportation,0.6226698199999999
2018-07-01,transportation,0.63444822
2018-08-01,transportation,0.68031361
2018-09-01,transportation,0.64028363
2018-10-01,transportation,0.6307493200000001
2018-11-01,transportation,0.61567378
2018-12-01,transportation,0.65508826
2019-01-01,transportation,0.66955571
2019-02-01,transportation,0.6715494700000001
2019-03-01,transportation,0.68624725
2019-04-01,transportation,0.61031785
2019-05-01,transportation,0.60841917
2019-06-01,transportation,0.60841339
2019-07-01,transportation,0.64229241
2019-08-01,transportation,0.65301553
2019-09-01,transportation,0.6765468499999999
2019-10-01,transportation,0.54295726
2019-11-01,transportation,0.61444177
2019-12-01,transportation,0.64839337
2020-01-01,transportation,0.66987033
2020-02-01,transportation,0.6190225
2020-03-01,transportation,0.59837845
2020-04-01,transportation,0.44448431
2020-05-01,transportation,0.45396491
2020-06-01,transportation,0.48027467
2020-07-01,transportation,0.55603878
2020-08-01,transportation,0.5223424099999999
2020-09-01,transportation,0.53398806
2020-10-01,transportation,0.52307241
2020-11-01,transportation,0.52484819
2020-12-01,transportation,0.621539
2021-01-01,transportation,0.56694665
2021-02-01,transportation,0.5475379
2021-03-01,transportation,0.54226531
2021-04-01,transportation,0.50557828
2021-05-01,transportation,0.48658841
2021-06-01,transportation,0.50759398
2021-07-01,transportation,0.54574121
2021-08-01,transportation,0.56004372
2021-09-01,transportation,0.5268836
2021-10-01,transportation,0.53281177
2021-11-01,transportation,0.49152045
2021-12-01,transportation,0.5208717199999999
2022-01-01,transportation,0.56488069
2022-02-01,transportation,0.56561781
2022-03-01,transportation,0.57920961
2022-04-01,transportation,0.5130446200000001
2022-05-01,transportation,0.52931719
2022-06-01,transportation,0.51315962
2022-07-01,transportation,0.5660426
2022-08-01,transportation,0.5357216100000001
2022-09-01,transportation,0.55772454
2022-10-01,transportation,0.53538043
2022-11-01,transportation,0.54630602
2022-12-01,transportation,0.59270327
2023-01-01,transportation,0.57922547
2023-02-01,transportation,0.56096018
2023-03-01,transportation,0.57697647
2023-04-01,transportation,0.51346136
2023-05-01,transportation,0.52876348
2023-06-01,transportation,0.5787424999999999
2023-07-01,transportation,0.62061753
2023-08-01,transportation,0.57756501
2023-09-01,transportation,0.65156712
2023-10-01,transportation,0.5654009
2023-11-01,transportation,0.54913729
2023-12-01,transportation,0.56137171
2024-01-01,transportation,0.61165804
2024-02-01,transportation,0.53780578
2024-03-01,transportation,0.59283502
2024-04-01,transportation,0.53222419
2024-05-01,transportation,0.59194918
2024-06-01,transportation,0.5664699799999999
2024-07-01,transportation,0.64072436
2024-08-01,transportation,0.62126288
2024-09-01,transportation,0.5626499199999999
2024-10-01,transportation,0.56610619
2024-11-01,transportation,0.55436138
2024-12-01,transportation,0.60479308
2025-01-01,transportation,0.68592404
2025-02-01,transportation,0.6104037499999999
2025-03-01,transportation,0.63515248
2025-04-01,transportation,0.5685728800000001
2025-05-01,transportation,0.55583501
2025-06-01,transportation,0.6669497400000001
2025-07-01,transportation,0.6046136400000001
2025-08-01,transportation,0.62462478
2025-09-01,transportation,0.59244137
2025-10-01,transportation,0.5903361
2025-11-01,transportation,0.55545566
2025-12-01,transportation,0.62060801
2026-01-01,transportation,0.66277807
2026-02-01,transportation,0.63485287
